{"xy_sens": 2.59, "targeting_sens": 1.0, "xy_scale": 3.8610038610038613, "targeting_scale": 386.1003861003861}